{
  "type": "page",
  "data": {
    "domain": "https://xxx.qq.com",
    "pageApiPath": "/api/list"
  },
  "containers": [
		{
      "type": "container",
      "id": "container1",
      "name": "pageContainer",
      "layout": "static",
      "data": {
        "title": "列表页"
			},
			"components": [
				{
					"type": "component",
					"id": "filterArea",
					"name": "SfForm",
					"key": "form1",
					"formInteractions": [
						{
							"name": "interaction",
							"label": "搜索",
							"action": {
								"load": true,
								"name": "request",
								"method": "post",
								"uri": "/search",
								"target": "dataList",
								"watch": [
									"pageIndex",
									"pageSize",
									"order_id",
									"partner_id"
								]
							}
						},
						{
							"name": "interaction",
							"label": "重置",
							"action": {
								"load": true,
								"name": "request",
								"method": "post",
								"uri": "/search",
								"target": "dataList"
							}
						},
						{
							"name": "interaction",
							"label": "导出",
							"action": {
								"name": "request",
								"method": "post",
								"params": {
									"actId": "${_row.id}"
								},
								"uri": "/export"
							}
						}
					],
					"children": [
						{
							"id": "orderId",
							"key": "order_id",
							"label": "订单ID",
							"type": "input",
							"extInfo": {},
							"uiConfig": {}
						},
						{
							"id": "partnerId",
							"key": "partner_id",
							"label": "医生归属",
							"type": "select",
							"optionsId": "getDoctorPartners",
							"extInfo": {
								"placeholder": "请选择"
							}
						},
						{
							"id": "refundSucessTime",
							"label": "订单退款时间",
							"type": "datePicker",
							"key": ["refoundStartTime", "refoundEndTime"],
							"extInfo": {
								"unit": "s",
								"type": "daterange",
								"range-separator": "至",
								"start-placeholder": "开始日期",
								"end-placeholder": "结束日期"
							}
						}
					]
				},
				{
					"type": "component",
					"id": "tableData",
					"key": "dataList",
					"name": "SfTable",
					"columns": [
						{
							"field": {
								"type": "raw",
								"key_name": "data_id",
								"sortable": false
							},
							"label": "列头-编号"
						},
						{
							"field": {
								"type": "link",
								"key_name": "doctor_name",
								"uri": "/doctor/info/${row.id}",
								"sortable": "sortable"
							},
							"label": "列头-医生姓名链接"
						},
						{
							"field": {
								"type": "datetime",
								"key_name": "doctor_name",
								"format": "yyyy-MM-dd hh:mm:ss.S"
							},
							"label": "列头-时间"
						},
						{
							"field": {
								"type": "money",
								"key_name": "doctor_name",
								"uri": "/doctor/info/${row.id}"
							},
							"label": "列头-金额"
						},
						{
							"field": {
								"type": "enum_text",
								"key_name": "doctor_name",
								"options_id": "enumID"
							},
							"label": "列头-枚举"
						},
						{
							"field": {
								"type": "thumbnail",
								"key_name": "doctor_name"
							},
							"label": "列头-缩略图"
						},
						{
							"label": "操作",
							"fields": [
								{
									"name": "interaction",
									"label": "启用",
									"authority_code": "",
									"show_condition": true,
									"action": {
										"name": "request",
										"method": "post",
										"params": {
											"actId": "${_row.id}"
										},
										"uri": "/start",
										"onBeforeRequest": {
											"name": "js",
											"code": "Request.requestData.actId = Request.requestData.actId + 1;return Request;"
										},
										"onBeforeResponse": {
											"name": "js",
											"code": "Response.responseData.status = Response.responseData.code;return Request;"
										},
										"nextAction": {
											"name": "toast",
											"text": "${preActionResult.data.code === 0 ? '启用成功' : '启用失败'}"
										}
									}
								},
								{
									"type": "divider",
									"text": `<span style="margin: 0 8px; background: red;">|||分隔符</span>`
								},
								{
									"type": "interaction",
									"label": "详情",
									"sortable": false,
									"authority_code": "",
									"show_condition": true,
									"action": {
										"name": "link",
										"uri": "/detail/${row.id}"
									}
								}
							]
						}
					]
				}
			]
		}
	]
}